<?xml version="1.0" encoding="UTF-8"?>
<!DOCTYPE hibernate-configuration PUBLIC
        "-//Hibernate/Hibernate Configuration DTD 3.0//EN"
        "http://hibernate.org/dtd/hibernate-configuration-3.0.dtd">
<hibernate-configuration>
    <session-factory>
     	<property name="hibernate.hbm2ddl.auto">create</property>
        <property name="hibernate.connection.driver_class">com.mysql.cj.jdbc.Driver</property>
        <property name="hibernate.connection.url">jdbc:mysql://localhost:3306/shivangi</property>
        <property name="hibernate.connection.username">root</property>
        <property name="hibernate.connection.password">1234</property>
        <property name="hibernate.connection.pool_size">1</property>
        <property name="hibernate.current_session_context_class">thread</property>
        <property name="hibernate.show_sql">true</property>
        <property name="hibernate.dialect">org.hibernate.dialect.MySQL8Dialect</property>

        <mapping class="com.src.model.Shape" />
        <mapping class="com.src.model.Rectangle" />
    </session-factory>
</hibernate-configuration>