<?xml version="1.0"?>
<!DOCTYPE hibernate-mapping PUBLIC "-//Hibernate/Hibernate Mapping DTD 3.0//EN"
"http://www.hibernate.org/dtd/hibernate-mapping-3.0.dtd">

<hibernate-mapping>
	<!-- class name is the fully qualified name of the POJO class -->
	<!-- table is the name of the database table which represents the Student -->
	<class name="com.src.model.Shape" table="sdb" >
		<!-- Attribute id is mapped to the column student_id shows that it is the primary key -->
		<id name="shapeid" type="integer">
			<column name="shapeid" />
			<generator class="increment"></generator>
		</id>

		
		
		<!-- Attribute name is mapped to the column student_name -->
		<property name="number" type="string">
			<column name="number" length="10"  />
		</property>

		
		
		<union-subclass name="com.src.model.Rectangle" table="rect">
			<property name="length" type="integer">
			<column name="length" length="20"  />
		</property>
		<property name="breadth" type="double">
			<column name="breadth" length="20"  />
		</property>
		</union-subclass>
		
		
	</class>
</hibernate-mapping>